-- ========================================
-- 1. COMUNA
-- ========================================
INSERT INTO COMUNA (nombre_comuna) VALUES ('Santiago Centro');
INSERT INTO COMUNA (nombre_comuna) VALUES ('Providencia');
INSERT INTO COMUNA (nombre_comuna) VALUES ('Ñuñoa');
INSERT INTO COMUNA (nombre_comuna) VALUES ('La Florida');
INSERT INTO COMUNA (nombre_comuna) VALUES ('Maipú');
INSERT INTO COMUNA (nombre_comuna) VALUES ('Las Condes');
INSERT INTO COMUNA (nombre_comuna) VALUES ('Puente Alto');
INSERT INTO COMUNA (nombre_comuna) VALUES ('Recoleta');
INSERT INTO COMUNA (nombre_comuna) VALUES ('Vitacura');
INSERT INTO COMUNA (nombre_comuna) VALUES ('Peñalolén');

-- ========================================
-- 2. ESTADO_CIVIL
-- ========================================
INSERT INTO ESTADO_CIVIL VALUES (1, 'Soltero/a');
INSERT INTO ESTADO_CIVIL VALUES (2, 'Casado/a');
INSERT INTO ESTADO_CIVIL VALUES (3, 'Divorciado/a');
INSERT INTO ESTADO_CIVIL VALUES (4, 'Viudo/a');

-- ========================================
-- 3. TIPO_PROPIEDAD
-- ========================================
INSERT INTO TIPO_PROPIEDAD VALUES ('C', 'Casa');
INSERT INTO TIPO_PROPIEDAD VALUES ('D', 'Departamento');
INSERT INTO TIPO_PROPIEDAD VALUES ('O', 'Oficina');
INSERT INTO TIPO_PROPIEDAD VALUES ('L', 'Local Comercial');

-- ========================================
-- 4. EMPLEADO
-- ========================================
INSERT INTO EMPLEADO VALUES (11111111, '1', 'Pérez', 'Gómez', 'Juan', 'Av. Libertador 123', 1, '22456789', '987654321', TO_DATE('1988-02-10','YYYY-MM-DD'), TO_DATE('2015-03-01','YYYY-MM-DD'), 900000, 1, 1);
INSERT INTO EMPLEADO VALUES (22222222, '2', 'López', 'Morales', 'María', 'Los Leones 456', 2, '22345678', '999888777', TO_DATE('1990-08-20','YYYY-MM-DD'), TO_DATE('2018-05-10','YYYY-MM-DD'), 850000, 2, 1);
INSERT INTO EMPLEADO VALUES (33333333, '3', 'Soto', 'Ramírez', 'Carlos', 'Macul 789', 1, '22234567', '912345678', TO_DATE('1985-11-15','YYYY-MM-DD'), TO_DATE('2020-01-15','YYYY-MM-DD'), 780000, 3, 1);
INSERT INTO EMPLEADO VALUES (44444444, '4', 'Fuentes', 'Paredes', 'Camila', 'Av. La Florida 222', 2, '22567890', '987123456', TO_DATE('1993-04-25','YYYY-MM-DD'), TO_DATE('2021-06-01','YYYY-MM-DD'), 820000, 4, 1);
INSERT INTO EMPLEADO VALUES (55555555, '5', 'Torres', 'Mora', 'Andrés', 'Maipú 789', 3, '22765432', '981234567', TO_DATE('1989-09-09','YYYY-MM-DD'), TO_DATE('2017-11-15','YYYY-MM-DD'), 890000, 5, 1);

-- ========================================
-- 5. PROPIETARIO
-- ========================================
INSERT INTO PROPIETARIO VALUES (66666666, '6', 'Rojas', 'Campos', 'Sofía', 'Av. Apoquindo 123', 2, '22333444', '988776655', 6);
INSERT INTO PROPIETARIO VALUES (77777777, '7', 'Martínez', 'Araya', 'Jorge', 'Los Dominicos 789', 1, '22444555', '977665544', 9);
INSERT INTO PROPIETARIO VALUES (88888888, '8', 'Vega', 'Silva', 'Francisca', 'Av. Grecia 999', 2, '22555666', '976554433', 3);
INSERT INTO PROPIETARIO VALUES (99999999, '9', 'Cáceres', 'Lara', 'Luis', 'Av. Matta 222', 3, '22666777', '975443322', 1);
INSERT INTO PROPIETARIO VALUES (10101010, '0', 'Arriagada', 'Reyes', 'Daniela', 'Av. Ossa 155', 1, '22777888', '974332211', 4);

-- ========================================
-- 6. CLIENTE
-- ========================================
INSERT INTO CLIENTE VALUES (12121212, '1', 'Muñoz', 'Hidalgo', 'Pedro', 'Av. Irarrázaval 432', 1, '22888999', '973221100', 1200000);
INSERT INTO CLIENTE VALUES (13131313, '2', 'Alvarado', 'Sepúlveda', 'Carla', 'Av. Italia 564', 2, '22999000', '972110099', 950000);
INSERT INTO CLIENTE VALUES (14141414, '3', 'Navarro', 'Ibáñez', 'Tomás', 'Av. Tobalaba 231', 1, '22112233', '971009988', 800000);
INSERT INTO CLIENTE VALUES (15151515, '4', 'Moreno', 'Acevedo', 'Javiera', 'Av. Colón 653', 2, '22223344', '970998877', 1400000);
INSERT INTO CLIENTE VALUES (16161616, '5', 'Carrasco', 'Vergara', 'Felipe', 'Av. Bilbao 888', 3, '22334455', '969887766', 1100000);

-- ========================================
-- 7. PROPIEDAD
-- ========================================
INSERT INTO PROPIEDAD VALUES (100001, 'Av. Providencia 100', 85.5, 2, 2, 650000, 80000, 'D', 2, 66666666, 11111111);
INSERT INTO PROPIEDAD VALUES (100002, 'Av. Grecia 2400', 120.0, 3, 2, 720000, 90000, 'C', 3, 77777777, 22222222);
INSERT INTO PROPIEDAD VALUES (100003, 'Los Leones 330', 60.0, 1, 1, 500000, 60000, 'D', 2, 88888888, 33333333);
INSERT INTO PROPIEDAD VALUES (100004, 'Av. La Florida 1234', 150.0, 4, 3, 850000, 100000, 'C', 4, 99999999, 44444444);
INSERT INTO PROPIEDAD VALUES (100005, 'Av. Apoquindo 9999', 200.0, 5, 3, 1200000, 150000, 'C', 6, 10101010, 55555555);
INSERT INTO PROPIEDAD VALUES (100006, 'Av. Matta 432', 65.0, 2, 1, 600000, 70000, 'D', 1, 66666666, 33333333);
INSERT INTO PROPIEDAD VALUES (100007, 'Av. Bilbao 987', 45.0, 1, 1, 480000, 50000, 'O', 5, 77777777, 22222222);
INSERT INTO PROPIEDAD VALUES (100008, 'Av. Irarrázaval 234', 90.0, 2, 2, 750000, 85000, 'L', 3, 88888888, 11111111);
INSERT INTO PROPIEDAD VALUES (100009, 'Av. Kennedy 123', 130.0, 3, 3, 980000, 110000, 'C', 9, 99999999, 55555555);
INSERT INTO PROPIEDAD VALUES (100010, 'Av. Grecia 4321', 75.0, 2, 1, 700000, 80000, 'D', 3, 10101010, 44444444);

-- ========================================
-- 8. PROPIEDAD_ARRENDADA
-- ========================================
INSERT INTO PROPIEDAD_ARRENDADA VALUES (100001, TO_DATE('2023-01-01','YYYY-MM-DD'), TO_DATE('2023-12-31','YYYY-MM-DD'), 12121212);
INSERT INTO PROPIEDAD_ARRENDADA VALUES (100002, TO_DATE('2023-02-01','YYYY-MM-DD'), TO_DATE('2023-11-30','YYYY-MM-DD'), 13131313);
INSERT INTO PROPIEDAD_ARRENDADA VALUES (100003, TO_DATE('2023-03-15','YYYY-MM-DD'), TO_DATE('2024-03-14','YYYY-MM-DD'), 14141414);
INSERT INTO PROPIEDAD_ARRENDADA VALUES (100004, TO_DATE('2023-04-10','YYYY-MM-DD'), TO_DATE('2024-04-09','YYYY-MM-DD'), 15151515);
INSERT INTO PROPIEDAD_ARRENDADA VALUES (100005, TO_DATE('2023-05-01','YYYY-MM-DD'), TO_DATE('2024-04-30','YYYY-MM-DD'), 16161616);
INSERT INTO PROPIEDAD_ARRENDADA VALUES (100006, TO_DATE('2023-06-01','YYYY-MM-DD'), TO_DATE('2024-05-31','YYYY-MM-DD'), 12121212);
INSERT INTO PROPIEDAD_ARRENDADA VALUES (100007, TO_DATE('2023-07-01','YYYY-MM-DD'), TO_DATE('2024-06-30','YYYY-MM-DD'), 14141414);
INSERT INTO PROPIEDAD_ARRENDADA VALUES (100008, TO_DATE('2023-08-01','YYYY-MM-DD'), TO_DATE('2024-07-31','YYYY-MM-DD'), 13131313);
INSERT INTO PROPIEDAD_ARRENDADA VALUES (100009, TO_DATE('2023-09-01','YYYY-MM-DD'), TO_DATE('2024-08-31','YYYY-MM-DD'), 15151515);
INSERT INTO PROPIEDAD_ARRENDADA VALUES (100010, TO_DATE('2023-10-01','YYYY-MM-DD'), TO_DATE('2024-09-30','YYYY-MM-DD'), 16161616);
